pk^env_id^validity_from^validity_to^3char_code^2char_code^num_code^name^name2^alliance_code^alliance_status^type(Cargo;Pax scheduled;Dummy;Gds;charTer;Ferry;Rail)^wiki_link^alt_names
air-aerosvit-airlines^1^1994-04-01^2013-01-31^AEW^VV^870^AeroSvit Airlines^^^^^http://en.wikipedia.org/wiki/Aerosvit_Airlines^en|AeroSvit Airlines|
air-aero-flight^1^2004-01-01^2005-12-31^ARF^GV^0^Aero Flight^^^^^http://en.wikipedia.org/wiki/Aero_Flight^en|Aero Flight|
air-aero-vip-argentina^1^1999-06-23^2010-12-01^AOG^2D^592^Aero VIP (Argentina)^Aero VIP (Argentina)^^^P^http://en.wikipedia.org/wiki/Aero_VIP_(Argentina)^en|Aero VIP (Argentina)|=en|Aero VIP (Argentina)|
air-airlink-papua-new-guinea^1^1990-06-01^2007-07-27^AOG^2D^592^Aero VIP (Argentina)^Aero VIP (Argentina)^^^^http://en.wikipedia.org/wiki/Airlink_(Papua_New_Guinea)^en|Aero VIP (Argentina)|=en|Aero VIP (Argentina)|
air-airmax^1^^2015-05-01^DAP^X8^0^Airmax^^^^^^en|Airmax|
air-airways-international^1^1981-01-01^1999-12-31^AWB^HO^0^Airways International^^^^^http://en.wikipedia.org/wiki/Airways_International^en|Airways International|
air-air-alps-aviation^1^1999-01-01^2014-03-01^LPV^A6^527^Air Alps Aviation^^^^^http://en.wikipedia.org/wiki/Air_Alps^en|Air Alps Aviation|
air-air-bashkortostan^1^2006-04-10^2013-10-09^^ZU^894^Air Bashkortostan^^^^^http://en.wikipedia.org/wiki/Air_Bashkortostan^en|Air Bashkortostan|
air-air-gabon^1^1951-01-01^2006-12-31^AGN^GN^185^Air Gabon^^^^^http://en.wikipedia.org/wiki/Air_Gabon^en|Air Gabon|
air-air-ivoire^1^1960-01-01^2011-12-31^VUN^VU^943^Air Ivoire^^^^^http://en.wikipedia.org/wiki/Air_Ivoire^en|Air Ivoire|
air-air-luxor^1^1988-01-01^2006-09-30^LXG^L8^0^Air Luxor^^^^^http://en.wikipedia.org/wiki/Air_Luxor^en|Air Luxor|
air-air-mali^1^2005-01-01^2012-08-01^CMM^I5^261^Air Mali^^^^^http://en.wikipedia.org/wiki/Air_Mali_(2005)^en|Air Mali|
air-air-midwest^1^1967-04-01^2008-06-30^AMW^ZV^0^Midwest Airlines^^^^^http://en.wikipedia.org/wiki/Air_Midwest^en|Midwest Airlines|
air-air-next^1^2004-08-20^2010-12-31^NXA^7A^0^Air Next^Haines Air^^^^http://en.wikipedia.org/wiki/Air_Next^en|Air Next|=en|Haines Air|
air-air-nippon^1^1974-10-10^2012-04-01^ANK^EL^0^Air Nippon^^^^^http://en.wikipedia.org/wiki/Air_Nippon^en|Air Nippon|
air-air-one^1^1983-01-01^2014-10-30^ADH^AP^867^Air One^Aliadriatica^^^^http://en.wikipedia.org/wiki/Air_One^en|Air One|=en|Aliadriatica|
air-air-onix^1^2012-04-28^2013-12-31^^OG^130^Air Onix^^^^^http://en.wikipedia.org/wiki/Air_Onix^en|Air Onix|
air-air-slovakia^1^1994-01-01^2010-06-01^SVK^GM^0^Air Slovakia^^^^^http://en.wikipedia.org/wiki/Air_Slovakia^en|Air Slovakia|
air-air-sunshine^1^1982-01-01^2015-06-30^RSI^YI^0^Air Sunshine^^^^^http://en.wikipedia.org/wiki/Air_Sunshine^en|Air Sunshine|
air-alpi-eagles^1^1979-01-01^2007-12-31^ELG^E8^0^Alpi Eagles^^^^^http://en.wikipedia.org/wiki/Alpi_Eagles^en|Alpi Eagles|
air-al-naser-airlines^1^^2013-12-31^MHK^6N^503^Al Naser Airlines^^^^^http://en.wikipedia.org/wiki/Al-Naser_Airlines^en|Al Naser Airlines|
air-alajnihah-air-transport^1^^2015-04-01^ANH^2T^311^Alajnihah Airways^^^^^http://en.wikipedia.org/wiki/Alajnihah_Airways^en|Alajnihah Airways|
air-amadeus-8z^1^^2014-06-01^^8Z^0^Amadeus 8Z^Amadeus 8Z^^^D^^en|Amadeus 8Z|=en|Amadeus 8Z|
air-amadeus-pdf-2d^1^^2014-06-01^^2D^0^Amadeus PDF 2D^^^^D^^en|Amadeus PDF 2D|
air-angkor-airways^1^2007-01-01^2008-12-31^AKW^G6^0^Angkor Airways^^^^^http://en.wikipedia.org/wiki/Angkor_Airways^en|Angkor Airways|
air-armavia^1^1996-01-01^2013-04-01^RNV^U8^669^Armavia^^^^^http://en.wikipedia.org/wiki/Armavia^en|Armavia|=en|Armenian International Airways|h
air-armenian-international-airways^1^2002-07-12^2004-12-31^RML^MV^0^Armenian International Airways^^^^^http://en.wikipedia.org/wiki/Armenian_International_Airways^en|Armavia|=en|Armenian International Airways|
air-ata-airlines^1^1973-01-01^2008-04-03^AMT^TZ^0^ATA Airlines^American Trans Air^^^^http://en.wikipedia.org/wiki/ATA_Airlines^en|ATA Airlines|=en|American Trans Air|
air-athens-airways^1^2008-01-01^2010-12-31^ATW^ZF^0^Athens Airways^^^^^http://en.wikipedia.org/wiki/Athens_Airways^en|Athens Airways|
air-augsburg-airways^1^1980-01-01^2013-12-31^AUB^IQ^614^Augsburg Airways^^^^^http://en.wikipedia.org/wiki/Augsburg_Airways^en|Augsburg Airways|
air-aviacsa^1^1990-01-01^2011-12-31^CHP^6A^0^Aviacsa^^^^^http://en.wikipedia.org/wiki/Aviacsa^en|Consorcio Aviaxsa, S.A. de C.V.|=en|Aviacsa|p
air-aviaenergo^1^1992-01-01^2011-12-31^ERG^7U^765^Aviaenergo^^^^^http://en.wikipedia.org/wiki/Aviaenergo^en|Aviaenergo|
air-aviana-airways^1^2008-01-01^2014-01-01^RRY^4A^0^Aviana Airways^Royal Bengal Airline^^^^http://en.wikipedia.org/wiki/Royal_Bengal_Airline^en|Aviana Airways|=en|Royal Bengal Airline|
air-aviaprad^1^1996-01-01^2008-02-05^VID^WR^0^Aviaprad^^^^^http://en.wikipedia.org/wiki/Aviaprad^en|Aviaprad|
air-avitrans-nordic^1^2004-01-01^2010-12-31^ETS^2Q^0^Avitrans Nordic^^^^T^http://en.wikipedia.org/wiki/Avitrans^en|Avitrans Nordic|
air-axis-lines^1^2005-01-01^2006-01-01^^O8^0^Axis International Lines^^^^^http://en.wikipedia.org/wiki/Axis_Lines_International^en|Axis International Lines|
air-batavia-air^1^2002-01-01^2013-01-31^BTV^Y6^0^Batavia Air^^^^^http://en.wikipedia.org/wiki/Batavia_Air^en|Batavia Air|
air-benin-golf^1^2002-01-01^2012-07-31^BGL^A8^0^Benin Golf Air^^^^^http://en.wikipedia.org/wiki/Benin_Golf_Air^en|Benin Golf Air|
air-bismilah-airlines^1^1998-01-01^2015-01-01^^5Z^0^Bismillah Airlines^^^^^http://en.wikipedia.org/wiki/Bismillah_Airlines^en|Bismillah Airlines|
air-brindabella-airlines^1^^2013-12-14^^FQ^0^Brindabella Airlines^^^^P^http://en.wikipedia.org/wiki/Brindabella_Airlines^en|Brindabella Airlines|
air-british-midland-international^1^1938-01-01^2012-10-27^BMA^BD^236^British Midland International^^^^^http://en.wikipedia.org/wiki/British_Midland_International^en|British Midland International|
air-buffalo-airways^1^1978-05-13^2015-11-30^BFL^J4^^Buffalo Airways^^^^^http://en.wikipedia.org/wiki/Buffalo_Airways^en|Buffalo Airways|=sign||BUFFALO
air-business-air^1^2009-12-01^2015-01-16^BCC^8B^0^Intira Airlines^Business Air^^^^http://en.wikipedia.org/wiki/Intira_Airlines^en|Intira Airlines|=en|Business Air|
air-bvi-airways^1^2010-05-05^2014-09-30^BVI^XV^0^BVI Airways^^^^^http://en.wikipedia.org/wiki/BVI_Airways^en|BVI Airways|
air-cai-first^1^1997-10-01^2008-12-31^SMX^XM^0^CAI First^Alitalia Express^^^^http://en.wikipedia.org/wiki/CAI_First^en|CAI First|=en|Alitalia Express|
air-cai-second^1^^2009-01-12^VLE^VE^0^CAI Second^Volare^^^^http://en.wikipedia.org/wiki/CAI_Second^en|CAI Second|=en|Volare|
air-canadian-airlines^1^1987-01-01^2000-12-31^CDN^CP^0^Canadian Airlines^^^^^http://en.wikipedia.org/wiki/Canadian_Airlines^en|Canadian Airlines|
air-cargolux-italia^1^^2013-12-31^^C8^0^Cargolux Italia^^^^C^^en|Cargolux Italia|
air-chanchangi-airlines^1^1994-01-01^2015-01-01^NCH^5B^0^Chanchangi Airlines^^^^^http://en.wikipedia.org/wiki/Chanchangi_Airlines^en|Chanchangi Airlines|
air-charter-air-transport^1^1997-01-01^2014-12-31^SRY^VC^0^Charter Air Transport^ViaAir^^^^http://en.wikipedia.org/wiki/Charter_Air_Transport^en|Charter Air Transport|=en|ViaAir|
air-cimber-air^1^1950-01-01^2012-12-31^CIM^QI^647^Cimber Sterling^Cimber Air^^^^http://en.wikipedia.org/wiki/Cimber_Sterling^en|Cimber Sterling|=en|Cimber Air|
air-cirrus-airlines^1^1995-02-01^2012-01-20^RUS^C9^251^Cirrus Airlines^^^^^http://en.wikipedia.org/wiki/Cirrus_Airlines^en|Cirrus Airlines|
air-city-airline^1^1997-01-01^2011-11-29^SDR^CF^419^City Airline^Skyways^^^^http://en.wikipedia.org/wiki/City_Airline^en|City Airline|=en|Skyways|
air-club-air^1^2002-10-01^2008-05-31^ISG^6P^0^Club Air^^^^^http://en.wikipedia.org/wiki/Club_Air^en|Club Air|
air-comair-delta^1^1977-01-01^2012-09-29^COM^OH^0^Comair^^^^^http://en.wikipedia.org/wiki/Comair^en|Comair|
air-air-comet^1^1996-01-01^2009-12-21^MPD^A7^0^Air Comet^Air Plus Comet^^^^http://en.wikipedia.org/wiki/Air_Comet^en|Air Comet|=en|Air Plus Comet|
air-congo-express^1^2010-01-01^2014-01-01^CXR^9X^0^Congo Express^New Axis Air^^^^http://en.wikipedia.org/wiki/Congo_Express^en|Congo Express|=en|New Axis Air|
air-continental-airlines^1^^2010-09-30^COA^CO^5^Continental Airlines^Continental^^^^http://fr.wikipedia.org/wiki/Continental_Airlines^en|Continental Airlines|=en|Continental|
air-continental-micronesia^1^1968-05-16^2010-12-22^CMI^CS^0^Continental Micronesia^^^^^http://en.wikipedia.org/wiki/Continental_Micronesia^en|Continental Micronesia|
air-crystal-thai-airlines^1^2011-02-01^2011-12-31^KPS^YL^0^Crystal Thai Airlines^^^^^http://en.wikipedia.org/wiki/Crystal_Thai_Airlines^en|Crystal Thai Airlines|
air-cyprus-airways^1^1947-01-01^2015-01-09^CYP^CY^48^Cyprus Airways^^^^^http://en.wikipedia.org/wiki/Cyprus_Airways^en|Cyprus Airways|
air-czech-connect-airlines^1^2011-01-01^2012-01-31^CCG^CQ^909^Czech Connect Airlines^^^^^http://en.wikipedia.org/wiki/Czech_Connect_Airlines^en|Czech Connect Airlines|
air-darwin-airline^1^^2014-10-31^DWT^0D^779^Darwin Airline^^^^^http://en.wikipedia.org/wiki/Darwin_Airline^en|Darwin Airline|
air-deer-jet-airlines^1^2006-01-01^2010-05-31^CBJ^JD^0^Deer Jet Airlines^Deer Air^^^^http://en.wikipedia.org/wiki/Beijing_Capital_Airlines^en|Deer Jet Airlines|=en|Deer Air|
air-djibouti-airlines^1^1996-01-01^2009-07-31^DJB^D8^0^Djibouti Airlines^^^^^http://en.wikipedia.org/wiki/Djibouti_Airlines^en|Djibouti Airlines|
air-enkor-jsc^1^1986-01-01^2005-12-31^ENK^H6^0^Enkor^^^^^http://en.wikipedia.org/wiki/Enkor^en|Enkor|
air-estafeta-carga-aerea^1^^2013-12-31^^E7^^Estafeta Carga Aerea^Estafeta Carga Aerea^^^C^^en|Estafeta Carga Aerea|=en|Estafeta Carga Aerea|
air-eurolot^1^1996-01-01^2015-03-31^ELO^K2^78^Eurolot^^^^^http://en.wikipedia.org/wiki/Eurolot^en|Eurolot|
air-exel-nl^1^1991-04-26^2005-01-31^AXT^XT^0^^Air Exel^^^^http://en.wikipedia.org/wiki/Air_Exel^en||=en|Air Exel|
air-eznis-airways^1^^2013-12-31^EZA^EF^646^Eznis Airways^Eznis Airways^^^PC^^en|Eznis Airways|=en|Eznis Airways|
air-farnair-switzerland^1^1984-01-01^2015-03-01^FAT^FT^0^Farnair Switzerland^^^^^http://en.wikipedia.org/wiki/Farnair_Switzerland^en|Farnair Switzerland|
air-finncomm-airlines^1^1993-01-01^2011-12-31^FCM^FC^216^Finncomm Airlines^^^^^http://en.wikipedia.org/wiki/Finncomm_Airlines^en|Finncomm Airlines|
air-florida-coastal-airlines^1^1995-01-01^2014-06-06^FCL^PA^0^Florida Coastal Airlines^^^^P^http://en.wikipedia.org/wiki/Florida_Coastal_Airlines^en|Florida Coastal Airlines|
air-flycongo^1^^2013-31-12^ALX^EO^663^Flycongo^^^^^^en|Flycongo|
air-flywell-airlines^1^1995-01-01^2003-12-12^FEM^YZ^0^Zimbabwe Airlink^Flywell Airlines^^^P^http://en.wikipedia.org/wiki/Zimbabwe_Airlink^en|Zimbabwe Airlink|=en|Flywell Airlines|
air-fly-georgia^1^2011-01-01^2013-12-31^FGE^9Y^671^Fly Georgia^^^^^http://en.wikipedia.org/wiki/Fly_Georgia^en|Fly Georgia|
air-freedom-airlines^1^2002-01-01^2010-12-31^FRL^F8^0^Freedom Airlines^Air Montreal^^^^http://en.wikipedia.org/wiki/Freedom_Airlines^en|Freedom Airlines|=en|Air Montreal|
air-freedom-air^1^1974-01-01^2015-03-01^FRE^FP^224^Freedom Air^^^^^http://en.wikipedia.org/wiki/Freedom_Air_(Guam)^en|Freedom Air|
air-freshair^1^^2013-12-31^FZW^Z7^0^Freshair^Easeon Air^^^^^en|Freshair|=en|Easeon Air|
air-gamair^1^^2014-06-01^BIH^BS^0^British International^Gamair^^^^^en|British International|=en|Gamair|
air-gambia-airlines^1^1996-01-23^2004-04-30^GNR^GC^34^Gambia International Airlines^Gambia Intl^^^^http://en.wikipedia.org/wiki/Gambia_International_Airlines^en|Gambia International Airlines|=en|Gambia Intl|
air-georgian-air^1^2013-01-01^2013-12-31^GIL^4L^0^Georgian International Airlines^^^^^http://en.wikipedia.org/wiki/Georgian_International_Airlines^en|Georgian International Airlines|
air-ghadames-air-transport^1^2004-01-01^2006-12-31^GHT^G6^0^Ghadames Air Transport^^^^^http://en.wikipedia.org/wiki/Ghadames_Air_Transport^en|Ghadames Air Transport|
air-guizhou-airlines^1^1991-01-01^1998-12-31^CGH^G4^0^Guizhou Airlines^^^^^http://en.wikipedia.org/wiki/Guizhou_Airlines^en|Guizhou Airlines|
air-hamburg-international^1^1998-07-01^2010-10-20^HHI^4R^0^Hamburg International^^^^^http://en.wikipedia.org/wiki/Hamburg_International^en|Hamburg International|
air-helitrans-as^1^1996-06-21^2015-01-01^LLR^9I^0^Helitrans^Helitrans AS^^^^http://en.wikipedia.org/wiki/Helitrans^en|Helitrans|=en|Helitrans AS|
air-helitt-lineas-aereas^1^2011-11-01^2014-10-31^HTH^H9^221^Helitt Líneas Aereas^^^^^http://en.wikipedia.org/wiki/Helitt_L%C3%ADneas_A%C3%A9reas^en|Helitt Líneas Aereas|
air-heli-securite^1^^2015-01-01^HLI^H4^0^Heli Securite^^^^^^en|Heli Securite|
air-hellenic-imperial-airways^1^2006-05-01^2015-05-01^IMP^HT^570^Hellenic Imperial Airways^^^^^http://en.wikipedia.org/wiki/Hellenic_Imperial_Airways^en|Hellenic Imperial Airways|
air-highland-airways^1^1991-01-01^2010-03-24^HWY^8H^0^Highland Airways^Air Alba^^^^http://en.wikipedia.org/wiki/Highland_Airways^en|Highland Airways|=en|Air Alba|
air-interlink-airlines^1^1998-01-01^2010-12-31^ITK^ID^0^Interlink^^^^P^http://en.wikipedia.org/wiki/Interlink_Airlines^en|Interlink|
air-inter-airlines^1^1999-12-17^2008-11-18^INX^6K^0^Inter Airlines^^^^^http://en.wikipedia.org/wiki/Inter_Airlines^en|Inter Airlines|
air-investavia^1^2007-01-01^2015-06-30^TLG^IV^0^InvestAvia^^^^^^en|InvestAvia|
air-island-airlines^1^1930-01-01^2015-12-11^ISA^IS^0^Island Airlines^^^^^http://en.wikipedia.org/wiki/Island_Airlines^en|Island Airlines|
air-islas-airways^1^2003-02-01^2012-10-15^ISW^IF^0^Islas Airways^^^^^http://en.wikipedia.org/wiki/Islas_Airways^en|Islas Airways|
air-lade^1^1940-09-01^2014-12-31^LDE^5U^0^LADE^Líneas Aéreas del Estado^^^^http://en.wikipedia.org/wiki/LADE^en|LADE|=en|Líneas Aéreas del Estado|
air-lagunair-lineas-aeras^1^2003-09-29^2008-12-31^LGA^N7^0^LagunAir^LagunAir Líneas Aéreas^^^^http://en.wikipedia.org/wiki/LagunAir^en|LagunAir|=en|LagunAir Líneas Aéreas|
air-linea-aerea-cuencana^1^2012-01-01^2015-01-01^LAC^L5^0^Línea Aerea Cuencana^^^^^http://en.wikipedia.org/wiki/L%C3%ADnea_A%C3%A9rea_Cuencana^en|Línea Aerea Cuencana|
air-linea-turistica-aereotuy^1^1982-01-01^2015-06-30^^L4^445^Línea Turística Aereotuy (LTA)^^^^^http://en.wikipedia.org/wiki/L%C3%ADnea_Tur%C3%ADstica_Aereotuy^en|Línea Turística Aereotuy (LTA)|
air-macair-jet^1^^2014-12-31^MCJ^VM^0^Macair Jet^^^^^^en|Macair Jet|
air-macedonian-airlines^1^1992-01-01^2003-12-31^MCS^MC^0^Macedonian Airlines^^^^^http://en.wikipedia.org/wiki/Macedonian_Airlines^en|Macedonian Airlines|
air-marsland-aviation^1^^2013-11-30^MSL^M7^293^Marsland Aviation^^^^^http://en.wikipedia.org/wiki/Marsland_Aviation^en|Marsland Aviation|
air-mat-airways^1^2009-01-01^2011-12-31^^6F^0^MAT Airways^^^^^http://en.wikipedia.org/wiki/MAT_Airways^en|MAT Airways|
air-mat-macedonian-airlines^1^1994-01-01^2009-09-01^MAK^IN^0^MAT Macedonian Airlines^^^^^http://en.wikipedia.org/wiki/MAT_Macedonian_Airlines^en|MAT Macedonian Airlines|
air-maxjet-airways^1^2003-01-01^2007-12-24^MXJ^MY^0^MAXjet Airways^^^^^http://en.wikipedia.org/wiki/MAXjet_Airways^en|MAXjet Airways|
air-max-air^1^2008-01-01^2015-04-01^NGL^NR^0^Max Air^^^^^http://en.wikipedia.org/wiki/Max_Air^en|Max Air|
air-midwest-airlines^1^1948-01-01^2011-12-31^MEP^YX^0^Midwest Airlines^^^^^http://en.wikipedia.org/wiki/Midwest_Airlines^en|Midwest Airlines|
air-midwest-connect^1^1994-01-01^2009-12-31^SYX^AL^0^Midwest Connect^Skyway Airlines^^^^http://en.wikipedia.org/wiki/Midwest_Connect^en|Midwest Connect|=en|Skyway Airlines|
air-national-airways-cameroon^1^1999-11-01^2000-03-01^^9O^357^National Airways Cameroon^Aircameroon^^^^http://en.wikipedia.org/wiki/National_Airways_Cameroon^en|National Airways Cameroon|=en|Aircameroon|
air-national-jet-systems^1^^2009-02-28^NJS^NC^0^National Jet Systems^^^Affiliate^^http://en.wikipedia.org/wiki/Cobham_Aviation_Services_Australia^en|National Jet Systems|
air-nigeria-airways^1^1958-10-01^2003-12-31^NGA^WT^0^Nigeria Airways^^^^^http://en.wikipedia.org/wiki/Nigeria_Airways^en|Nigeria Airways|
air-odessa-airlines^1^1996-01-01^2006-12-31^ODS^5K^0^Odessa Airlines^^^^^http://en.wikipedia.org/wiki/Odessa_Airlines^en|Odessa Airlines|
air-olt-express-germany^1^1958-01-01^2013-01-30^OLT^OL^704^OLT Express Germany^^^^^http://en.wikipedia.org/wiki/OLT_Express_Germany^en|OLT Express Germany|
air-perla-airlines^1^^2015-01-01^PLV^DP^0^Perla Airlines^Air 2000^^^^http://www.airlineupdate.com/content_public/airlines/airlines-venezuela/perla.htm^en|Perla Airlines|=en|Air 2000|
air-pluna^1^1936-09-01^2012-07-05^PUA^PU^286^PLUNA^^^^^http://en.wikipedia.org/wiki/PLUNA^en|PLUNA|
air-pmt-air^1^2003-01-14^2008-12-31^PMT^U4^0^PMTair^^^^^http://en.wikipedia.org/wiki/PMTair^en|PMTair|s=en|Progress MulTi Air|
air-polet-airlines^1^1988-01-01^2014-11-24^POT^YQ^342^Polet Airlines^^^^^http://en.wikipedia.org/wiki/Polet_Airlines^en|Polet Airlines|=ru|Авиакомпания Полёт|
air-prima-air^1^1996-01-01^1996-12-31^^QG^0^Prima Air^^^^^http://en.wikipedia.org/wiki/Prima_Air^en|Prima Air|
air-rak-airways^1^2007-01-01^2014-01-01^RKM^RT^0^RAK Airways^^^^^http://en.wikipedia.org/wiki/RAK_Airways^en|RAK Airways|
air-rheintalflug^1^^2013-12-31^^WE^0^Rheintal flug^^^^^^en|Rheintal flug|
air-salsa-d-haiti^1^2008-01-01^2015-04-01^SLC^SO^340^Salsa d'Haiti^^^^^http://en.wikipedia.org/wiki/Salsa_d%27Ha%C3%AFti^en|Salsa d'Haiti|
air-samara-airlines^1^1992-01-01^2008-12-31^BRZ^E5^0^Samara Airlines^^^^^http://en.wikipedia.org/wiki/Samara_Airlines^en|Samara Airlines|
air-sas-braathens^1^1946-01-01^2007-12-31^CNO^BU^117^Scandinavian Airlines^Sas^^Member^^http://en.wikipedia.org/wiki/SAS_Braathens^en|Scandinavian Airlines|=en|Sas|
air-scotairways^1^^2013-03-31^SAY^CB^969^ScotAirways^ScotAirways^^^^http://en.wikipedia.org/wiki/Suckling_Airways^en|ScotAirways|=en|ScotAirways|
air-sky-airlines^1^2001-01-01^2013-06-04^SHY^ZY^438^Sky Airlines^^^^^http://en.wikipedia.org/wiki/Sky_Airlines^en|Sky Airlines|
air-sky-bishek^1^2012-01-01^2015-06-30^BIS^GY^0^Sky Bishek^^^^^^en|Sky Bishek|
air-sky-express^1^2007-01-29^2011-10-29^SXR^XW^0^Sky Express^^^^^http://en.wikipedia.org/wiki/Sky_Express^en|Sky Express|
air-skystar-airways^1^2007-06-16^2009-01-03^SKT^XT^0^^SkyStar Airways^^^^http://en.wikipedia.org/wiki/SkyStar_Airways^en||=en|SkyStar Airways|
air-skyways^1^1993-01-01^2012-05-22^SKX^JZ^752^Skyways^^^^^http://en.wikipedia.org/wiki/Skyways_%28airline%29^en|Skyways|
air-sky-wings-airlines^1^2006-06-01^2012-12-31^GSW^ND^171^Sky Wings Airlines^Intair Inc^^^^http://en.wikipedia.org/wiki/Sky_Wings_Airlines^en|Sky Wings Airlines|=en|Intair Inc|
air-spanair^1^1988-03-01^2012-01-27^JKK^JK^680^Spanair^Spanair^^^^http://en.wikipedia.org/wiki/Spanair^en|Spanair|=en|Spanair|
air-strategic-airlines^1^2008-01-01^2012-02-17^AGC^VC^471^Strategic Airlines^Air Australia^^^^http://en.wikipedia.org/wiki/Air_Australia^en|Strategic Airlines|=en|Air Australia|
air-swe-fly^1^1994-01-01^2005-09-30^SWV^WV^857^Swe Fly^^^^^http://en.wikipedia.org/wiki/Swe_Fly^en|Swe Fly|
air-tavrey-airlines^1^1995-01-01^2008-12-31^TVR^T6^0^Tavrey Airlines^Tavrey Aircompany^^^^http://en.wikipedia.org/wiki/Tavrey_Airlines^en|Tavrey Airlines|=en|Tavrey Aircompany|
air-tonlesap-airlines^1^2011-01-21^2013-08-31^^K9^443^TonleSap Airlines^^^^^http://en.wikipedia.org/wiki/TonleSap_Airlines^en|TonleSap Airlines|
air-tyrolean-airways^1^1978-01-01^2015-03-31^TYR^VO^734^Tyrolean Airways^^^^^http://en.wikipedia.org/wiki/Tyrolean_Airways^en|Tyrolean Airways|
air-varig^1^1927-05-07^2008-10-19^VRG^RG^^Varig Linhas^Viação Aérea Rio-Grandense S.A^^^^http://en.wikipedia.org/wiki/Varig^en|Varig Linhas|=en|Viação Aérea Rio-Grandense S.A|
air-viaggio-air^1^2003-02-27^2007-12-31^VOA^VM^0^Viaggio Air^^^^^http://en.wikipedia.org/wiki/Viaggio_Air^en|Viaggio Air|
air-vietnam-air-service^1^1987-12-31^2015-09-01^VFC^0V^368^Vietnam Air Services Company^^^^^http://en.wikipedia.org/wiki/Vietnam_Air_Services_Company^en|Vietnam Air Services Company|
air-vip-wings^1^2000-05-23^2013-11-20^VPA^V5^0^Danube Wings^VIP Wings^^^^http://en.wikipedia.org/wiki/Danube_Wings^en|Danube Wings|=en|VIP Wings|
air-wataniya-airways^1^2009-01-01^2011-03-17^WAN^KW^100^Wataniya Airways^^^^^http://en.wikipedia.org/wiki/Wataniya_Airways^en|Wataniya Airways|
air-welcome-air^1^2000-05-01^2015-03-31^WLC^2W^0^Welcome Air^^^^^http://en.wikipedia.org/wiki/Welcome_Air^en|Welcome Air|
air-west-air-sweden^1^1955-01-01^2015-04-01^SWN^PT^0^West Air Sweden^^^^^http://en.wikipedia.org/wiki/West_Air_Sweden^en|West Air Sweden|
air-wizz-air-bulgaria^1^2005-01-01^2011-12-31^WVL^8Z^0^Wizz Air Bulgaria^^^^^http://en.wikipedia.org/wiki/Wizz_Air_Bulgaria^en|Wizz Air Bulgaria|
air-wizz-air-ukraine^1^2008-01-01^2015-04-20^WAU^WU^0^Wizz Air Ukraine^^^^^http://en.wikipedia.org/wiki/Wizz_Air_Ukraine^en|Wizz Air Ukraine|=uk|Товариство з обмеженою відповідальністю|
air-zambian-airways^1^1948-01-01^2009-12-31^MBN^Q3^0^Zambian Airways^^^^^http://en.wikipedia.org/wiki/Zambian_Airways^en|Zambian Airways|
tec-map-management-planning^1^^2015-01-01^MPJ^AQ^0^Map Management Planning^^^^^^en|Map Management Planning|
trn-express-rail-link-malaysia^1^^2014-06-01^^5Y^0^Express Rail Link, Malaysia^Express Rail Link, Malaysia^^^R^http://en.wikipedia.org/wiki/Express_Rail_Link^en|Express Rail Link, Malaysia|=en|Express Rail Link, Malaysia|
trn-nuovo-trasporto-viaggiatori^1^2012-04-01^2015-01-01^^2Q^0^Nuovo Trasporto Viaggiatori^^^^^http://en.wikipedia.org/wiki/Nuovo_Trasporto_Viaggiatori^en|Nuovo Trasporto Viaggiatori|
